{"products":[{"id":"0.9925410560507344","qty":1}],"totalPrice":25.299999999999997}